{"gradients/decoder.FC_output.bias": {"_type": "histogram", "values": [1.0, 0.0, 0.0, 0.0, 3.0, 1.0, 0.0, 3.0, 0.0, 1.0, 0.0, 1.0, 0.0, 1.0, 0.0, 1.0, 2.0, 6.0, 6.0, 6.0, 4.0, 5.0, 7.0, 6.0, 7.0, 9.0, 4.0, 7.0, 8.0, 9.0, 11.0, 14.0, 14.0, 12.0, 13.0, 13.0, 21.0, 18.0, 29.0, 30.0, 33.0, 251.0, 71.0, 41.0, 26.0, 8.0, 18.0, 13.0, 9.0, 11.0, 4.0, 6.0, 5.0, 5.0, 2.0, 2.0, 2.0, 1.0, 1.0, 0.0, 0.0, 1.0, 0.0, 1.0], "bins": [-7.690750598907471, -7.505557537078857, -7.320364952087402, -7.135171890258789, -6.949979305267334, -6.764786243438721, -6.579593181610107, -6.394400596618652, -6.209207534790039, -6.024014949798584, -5.838821887969971, -5.653628826141357, -5.468436241149902, -5.283243179321289, -5.098050594329834, -4.912857532501221, -4.727664947509766, -4.542471885681152, -4.357278823852539, -4.172086238861084, -3.9868931770324707, -3.8017003536224365, -3.6165075302124023, -3.431314706802368, -3.246121883392334, -3.0609288215637207, -2.8757359981536865, -2.6905431747436523, -2.505350351333618, -2.320157527923584, -2.1349644660949707, -1.9497716426849365, -1.7645788192749023, -1.5793859958648682, -1.3941930532455444, -1.2090002298355103, -1.0238072872161865, -0.8386144638061523, -0.6534216403961182, -0.4682287573814392, -0.28303587436676025, -0.09784300625324249, 0.08734986186027527, 0.27254271507263184, 0.4577355980873108, 0.6429284811019897, 0.8281213045120239, 1.0133142471313477, 1.1985070705413818, 1.383699893951416, 1.5688928365707397, 1.754085659980774, 1.9392786026000977, 2.124471426010132, 2.309664249420166, 2.4948570728302, 2.6800498962402344, 2.8652429580688477, 3.050435781478882, 3.235628604888916, 3.42082142829895, 3.6060142517089844, 3.7912073135375977, 3.976400136947632, 4.161592960357666]}, "_timestamp": 1704464230.3841777, "gradients/decoder.FC_output.weight": {"_type": "histogram", "values": [1.0, 0.0, 2.0, 4.0, 1.0, 4.0, 11.0, 15.0, 18.0, 17.0, 33.0, 32.0, 53.0, 81.0, 112.0, 157.0, 243.0, 287.0, 376.0, 517.0, 678.0, 878.0, 1117.0, 1486.0, 1906.0, 2356.0, 2876.0, 3559.0, 4378.0, 5365.0, 6523.0, 7710.0, 9105.0, 11186.0, 13560.0, 16697.0, 132996.0, 36784.0, 16368.0, 10447.0, 7489.0, 5249.0, 3806.0, 2735.0, 1945.0, 1385.0, 1001.0, 652.0, 449.0, 305.0, 177.0, 156.0, 98.0, 84.0, 47.0, 23.0, 19.0, 9.0, 14.0, 11.0, 4.0, 1.0, 1.0, 1.0], "bins": [-12.284825325012207, -11.951071739196777, -11.617319107055664, -11.283565521240234, -10.949811935424805, -10.616058349609375, -10.282304763793945, -9.948552131652832, -9.614798545837402, -9.281044960021973, -8.94729232788086, -8.61353874206543, -8.27978515625, -7.94603157043457, -7.612278461456299, -7.278525352478027, -6.944771766662598, -6.611018180847168, -6.2772650718688965, -5.943511962890625, -5.609758377075195, -5.276004791259766, -4.942251682281494, -4.608498573303223, -4.274744987487793, -3.9409916400909424, -3.607238292694092, -3.273484945297241, -2.9397315979003906, -2.60597825050354, -2.2722249031066895, -1.9384715557098389, -1.6047191619873047, -1.270965814590454, -0.9372124671936035, -0.6034591197967529, -0.26970577239990234, 0.06404757499694824, 0.39780092239379883, 0.7315542697906494, 1.0653076171875, 1.3990609645843506, 1.7328143119812012, 2.0665676593780518, 2.4003210067749023, 2.734074354171753, 3.0678277015686035, 3.401581048965454, 3.7353343963623047, 4.069087982177734, 4.402841091156006, 4.736594200134277, 5.070347785949707, 5.404101371765137, 5.737854480743408, 6.07160758972168, 6.405361175537109, 6.739114761352539, 7.0728678703308105, 7.406620979309082, 7.740374565124512, 8.074128150939941, 8.407880783081055, 8.741634368896484, 9.075387954711914]}, "gradients/decoder.FC_hidden.bias": {"_type": "histogram", "values": [2.0, 1.0, 0.0, 0.0, 1.0, 0.0, 0.0, 3.0, 1.0, 6.0, 0.0, 4.0, 4.0, 6.0, 4.0, 11.0, 8.0, 15.0, 16.0, 14.0, 21.0, 17.0, 16.0, 19.0, 13.0, 22.0, 17.0, 12.0, 19.0, 7.0, 13.0, 23.0, 11.0, 12.0, 6.0, 14.0, 5.0, 8.0, 6.0, 2.0, 7.0, 4.0, 5.0, 5.0, 5.0, 5.0, 2.0, 3.0, 0.0, 0.0, 0.0, 1.0, 0.0, 0.0, 0.0, 0.0, 0.0, 0.0, 0.0, 2.0, 1.0, 0.0, 0.0, 1.0], "bins": [-17.353755950927734, -16.681827545166016, -16.009899139404297, -15.337970733642578, -14.66604232788086, -13.994112968444824, -13.322184562683105, -12.650256156921387, -11.978327751159668, -11.30639934539795, -10.63447093963623, -9.962542533874512, -9.290613174438477, -8.618684768676758, -7.946756362915039, -7.27482795715332, -6.602899551391602, -5.930971145629883, -5.259042739868164, -4.587113857269287, -3.9151854515075684, -3.2432570457458496, -2.5713284015655518, -1.8993998765945435, -1.2274713516235352, -0.5555428266525269, 0.11638569831848145, 0.7883142232894897, 1.460242748260498, 2.132171154022217, 2.8040997982025146, 3.4760284423828125, 4.147954940795898, 4.819883346557617, 5.491811752319336, 6.163740634918213, 6.835669040679932, 7.50759744644165, 8.179526329040527, 8.851454734802246, 9.523383140563965, 10.195311546325684, 10.867239952087402, 11.539168357849121, 12.211097717285156, 12.883026123046875, 13.554954528808594, 14.226882934570312, 14.898811340332031, 15.57073974609375, 16.24266815185547, 16.914596557617188, 17.586524963378906, 18.258453369140625, 18.930381774902344, 19.602310180664062, 20.27423858642578, 20.946168899536133, 21.61809730529785, 22.29002571105957, 22.96195411682129, 23.633882522583008, 24.305810928344727, 24.977739334106445, 25.649667739868164]}, "gradients/decoder.FC_hidden.weight": {"_type": "histogram", "values": [1.0, 0.0, 1.0, 1.0, 4.0, 1.0, 2.0, 3.0, 1.0, 8.0, 13.0, 10.0, 19.0, 17.0, 20.0, 34.0, 38.0, 64.0, 73.0, 94.0, 113.0, 153.0, 203.0, 279.0, 300.0, 338.0, 397.0, 415.0, 494.0, 562.0, 539.0, 525.0, 485.0, 499.0, 437.0, 379.0, 291.0, 240.0, 199.0, 157.0, 128.0, 120.0, 98.0, 64.0, 45.0, 34.0, 19.0, 15.0, 15.0, 15.0, 14.0, 5.0, 7.0, 6.0, 3.0, 0.0, 0.0, 0.0, 1.0, 0.0, 0.0, 1.0, 0.0, 1.0], "bins": [-22.28604507446289, -21.555463790893555, -20.82488250732422, -20.094301223754883, -19.363719940185547, -18.63313865661621, -17.902557373046875, -17.17197608947754, -16.441394805908203, -15.710814476013184, -14.980233192443848, -14.249651908874512, -13.519071578979492, -12.788490295410156, -12.05790901184082, -11.327327728271484, -10.596746444702148, -9.866165161132812, -9.135583877563477, -8.40500259399414, -7.674421787261963, -6.943840503692627, -6.213259696960449, -5.482678413391113, -4.752097129821777, -4.021515846252441, -3.2909348011016846, -2.5603537559509277, -1.8297724723815918, -1.0991913080215454, -0.368610143661499, 0.36197102069854736, 1.092550277709961, 1.8231314420700073, 2.5537126064300537, 3.2842936515808105, 4.0148749351501465, 4.745456218719482, 5.47603702545166, 6.206618309020996, 6.937199592590332, 7.667780876159668, 8.398362159729004, 9.12894344329834, 9.85952377319336, 10.590105056762695, 11.320686340332031, 12.051267623901367, 12.781848907470703, 13.512430191040039, 14.243011474609375, 14.973592758178711, 15.704174041748047, 16.434755325317383, 17.16533660888672, 17.895917892456055, 18.62649917602539, 19.357078552246094, 20.08765983581543, 20.818241119384766, 21.5488224029541, 22.279403686523438, 23.009984970092773, 23.74056625366211, 24.471147537231445]}, "gradients/encoder.FC_var.bias": {"_type": "histogram", "values": [2.0, 0.0, 0.0, 0.0, 0.0, 0.0, 0.0, 0.0, 1.0, 0.0, 0.0, 1.0, 2.0, 0.0, 0.0, 0.0, 1.0, 0.0, 0.0, 0.0, 0.0, 1.0, 0.0, 0.0, 2.0, 0.0, 0.0, 0.0, 0.0, 1.0, 0.0, 0.0, 1.0, 2.0, 0.0, 0.0, 0.0, 0.0, 1.0, 0.0, 0.0, 0.0, 0.0, 0.0, 1.0, 0.0, 0.0, 2.0, 0.0, 0.0, 0.0, 0.0, 0.0, 0.0, 0.0, 0.0, 0.0, 1.0, 0.0, 0.0, 0.0, 0.0, 0.0, 1.0],