{"gradients/decoder.FC_output.bias": {"_type": "histogram", "values": [2.0, 0.0, 0.0, 0.0, 2.0, 2.0, 2.0, 0.0, 0.0, 2.0, 3.0, 1.0, 3.0, 3.0, 2.0, 5.0, 1.0, 5.0, 6.0, 12.0, 8.0, 8.0, 11.0, 17.0, 11.0, 16.0, 29.0, 34.0, 33.0, 34.0, 257.0, 55.0, 30.0, 26.0, 20.0, 12.0, 19.0, 12.0, 17.0, 13.0, 12.0, 8.0, 8.0, 5.0, 4.0, 5.0, 3.0, 3.0, 1.0, 5.0, 7.0, 4.0, 2.0, 1.0, 0.0, 0.0, 1.0, 0.0, 1.0, 0.0, 0.0, 0.0, 0.0, 1.0], "bins": [-6.653543472290039, -6.436235427856445, -6.21892786026001, -6.001619815826416, -5.7843122482299805, -5.567004203796387, -5.349696159362793, -5.132388591766357, -4.915080547332764, -4.697772979736328, -4.480464935302734, -4.263156890869141, -4.045849323272705, -3.8285415172576904, -3.6112334728240967, -3.393925666809082, -3.1766178607940674, -2.9593100547790527, -2.742002248764038, -2.5246942043304443, -2.3073863983154297, -2.090078592300415, -1.8727707862854004, -1.6554628610610962, -1.4381550550460815, -1.220847249031067, -1.0035393238067627, -0.786231517791748, -0.5689236521720886, -0.3516157865524292, -0.13430795073509216, 0.08299989998340607, 0.3003077507019043, 0.5176156163215637, 0.7349234819412231, 0.9522312879562378, 1.169539213180542, 1.3868470191955566, 1.6041548252105713, 1.8214627504348755, 2.0387706756591797, 2.2560784816741943, 2.473386287689209, 2.6906940937042236, 2.9080018997192383, 3.125309705734253, 3.3426177501678467, 3.5599255561828613, 3.777233362197876, 3.9945411682128906, 4.211849212646484, 4.42915678024292, 4.646464824676514, 4.863772392272949, 5.081080436706543, 5.298388481140137, 5.515696048736572, 5.733004093170166, 5.950311660766602, 6.167619705200195, 6.384927749633789, 6.602235317230225, 6.819543361663818, 7.036850929260254, 7.254158973693848]}, "_timestamp": 1704464594.0600493, "gradients/decoder.FC_output.weight": {"_type": "histogram", "values": [1.0, 1.0, 2.0, 5.0, 5.0, 6.0, 8.0, 12.0, 16.0, 22.0, 50.0, 68.0, 65.0, 128.0, 146.0, 208.0, 280.0, 422.0, 622.0, 880.0, 1223.0, 1690.0, 2329.0, 3150.0, 4277.0, 5771.0, 7651.0, 9815.0, 13309.0, 18332.0, 133194.0, 43731.0, 17385.0, 12285.0, 9154.0, 6966.0, 5336.0, 4014.0, 3131.0, 2241.0, 1685.0, 1224.0, 856.0, 594.0, 401.0, 299.0, 203.0, 137.0, 93.0, 62.0, 32.0, 35.0, 16.0, 12.0, 5.0, 5.0, 2.0, 3.0, 1.0, 1.0, 2.0, 0.0, 0.0, 1.0], "bins": [-12.64250373840332, -12.232967376708984, -11.823431015014648, -11.413895606994629, -11.004359245300293, -10.594822883605957, -10.185286521911621, -9.775751113891602, -9.366214752197266, -8.95667839050293, -8.547142028808594, -8.137605667114258, -7.72806978225708, -7.318533897399902, -6.908997535705566, -6.499461650848389, -6.089925289154053, -5.680388927459717, -5.270853042602539, -4.861316680908203, -4.451780796051025, -4.0422444343566895, -3.6327083110809326, -3.223172187805176, -2.813636064529419, -2.404099941253662, -1.9945638179779053, -1.5850275754928589, -1.175491452217102, -0.7659553289413452, -0.3564191460609436, 0.05311700701713562, 0.46265316009521484, 0.8721892833709717, 1.2817254066467285, 1.691261649131775, 2.100797653198242, 2.510334014892578, 2.919870138168335, 3.329406261444092, 3.7389423847198486, 4.1484785079956055, 4.558014869689941, 4.967550754547119, 5.377087116241455, 5.786623001098633, 6.196159362792969, 6.6056952476501465, 7.015231609344482, 7.424767971038818, 7.834303855895996, 8.243840217590332, 8.653376579284668, 9.062911987304688, 9.472448348999023, 9.88198471069336, 10.291521072387695, 10.701057434082031, 11.11059284210205, 11.520129203796387, 11.929665565490723, 12.339201927185059, 12.748737335205078, 13.158273696899414, 13.56781005859375]}, "gradients/decoder.FC_hidden.bias": {"_type": "histogram", "values": [1.0, 0.0, 0.0, 2.0, 1.0, 1.0, 0.0, 2.0, 1.0, 2.0, 2.0, 0.0, 1.0, 0.0, 6.0, 5.0, 7.0, 4.0, 18.0, 5.0, 13.0, 11.0, 12.0, 18.0, 11.0, 22.0, 11.0, 15.0, 12.0, 19.0, 10.0, 17.0, 17.0, 17.0, 15.0, 15.0, 16.0, 15.0, 9.0, 13.0, 10.0, 8.0, 4.0, 3.0, 6.0, 1.0, 2.0, 3.0, 5.0, 1.0, 2.0, 1.0, 2.0, 2.0, 0.0, 0.0, 1.0, 0.0, 0.0, 2.0, 0.0, 0.0, 0.0, 1.0], "bins": [-15.086628913879395, -14.5770845413208, -14.06753921508789, -13.557994842529297, -13.048450469970703, -12.538905143737793, -12.0293607711792, -11.519815444946289, -11.010271072387695, -10.500726699829102, -9.991181373596191, -9.481637001037598, -8.972091674804688, -8.462547302246094, -7.9530029296875, -7.443458080291748, -6.933913230895996, -6.424368381500244, -5.914823532104492, -5.405279159545898, -4.8957343101501465, -4.3861894607543945, -3.8766448497772217, -3.367100238800049, -2.857555389404297, -2.348010540008545, -1.838465929031372, -1.3289211988449097, -0.8193764686584473, -0.30983173847198486, 0.19971299171447754, 0.7092577219009399, 1.218801498413086, 1.7283462285995483, 2.2378909587860107, 2.7474355697631836, 3.2569804191589355, 3.7665252685546875, 4.276069641113281, 4.785614490509033, 5.295159339904785, 5.804704189300537, 6.314249038696289, 6.823793411254883, 7.333338260650635, 7.842883110046387, 8.35242748260498, 8.86197280883789, 9.371517181396484, 9.881061553955078, 10.390606880187988, 10.900151252746582, 11.409696578979492, 11.919240951538086, 12.42878532409668, 12.93833065032959, 13.447875022888184, 13.957419395446777, 14.466964721679688, 14.976509094238281, 15.486053466796875, 15.995598793029785, 16.505144119262695, 17.01468849182129, 17.524232864379883]}, "gradients/decoder.FC_hidden.weight": {"_type": "histogram", "values": [1.0, 0.0, 0.0, 0.0, 0.0, 0.0, 1.0, 0.0, 0.0, 3.0, 2.0, 6.0, 7.0, 4.0, 8.0, 5.0, 18.0, 18.0, 21.0, 27.0, 33.0, 58.0, 52.0, 78.0, 73.0, 105.0, 125.0, 159.0, 209.0, 251.0, 308.0, 360.0, 410.0, 418.0, 476.0, 498.0, 535.0, 539.0, 474.0, 454.0, 415.0, 332.0, 308.0, 251.0, 202.0, 166.0, 123.0, 106.0, 92.0, 69.0, 34.0, 43.0, 30.0, 22.0, 18.0, 14.0, 9.0, 9.0, 6.0, 6.0, 2.0, 4.0, 1.0, 2.0], "bins": [-22.75110626220703, -22.126667022705078, -21.502227783203125, -20.877790451049805, -20.25335121154785, -19.6289119720459, -19.004472732543945, -18.380035400390625, -17.755596160888672, -17.13115692138672, -16.506717681884766, -15.882279396057129, -15.257840156555176, -14.633401870727539, -14.008962631225586, -13.38452434539795, -12.760085105895996, -12.135645866394043, -11.511207580566406, -10.886768341064453, -10.262330055236816, -9.637890815734863, -9.013452529907227, -8.389013290405273, -7.7645745277404785, -7.140135765075684, -6.515697002410889, -5.891258239746094, -5.266819000244141, -4.642380237579346, -4.017941474914551, -3.393502712249756, -2.769063949584961, -2.144625186920166, -1.5201863050460815, -0.8957474827766418, -0.27130866050720215, 0.35313016176223755, 0.9775689840316772, 1.6020078659057617, 2.2264466285705566, 2.8508853912353516, 3.4753241539001465, 4.099762916564941, 4.7242021560668945, 5.3486409187316895, 5.973079681396484, 6.597518444061279, 7.221957206726074, 7.846395969390869, 8.470834732055664, 9.095273971557617, 9.719712257385254, 10.344151496887207, 10.968589782714844, 11.593029022216797, 12.21746826171875, 12.841906547546387, 13.46634578704834, 14.090784072875977, 14.71522331237793, 15.339661598205566, 15.96410083770752, 16.588539123535156, 17.21297836303711]}, "gradients/encoder.FC_var.bias": {"_type": "histogram", "values": [1.0, 0.0, 0.0, 0.0, 1.0, 0.0, 0.0, 0.0, 1.0, 1.0, 1.0, 0.0, 0.0, 1.0, 1.0, 0.0, 1.0, 0.0, 1.0, 0.0, 0.0, 0.0, 1.0, 1.0, 0.0, 1.0, 0.0, 0.0, 2.0, 1.0, 0.0, 1.0, 0.0, 0.0, 0.0, 0.0, 1.0, 0.0, 0.0, 1.0, 0.0, 0.0, 0.0, 1.0, 0.0, 0.0, 0.0, 0.0, 0.0, 0.0, 0.0, 0.0, 0.0, 0.0, 0.0, 0.0, 0.0, 0.0, 0.0, 0.0, 0.0, 0.0, 0.0, 1.0],